Home Value,Claim
"$110,000","$24,710"
"$172,500","$19,500"
"$230,400","$42,370"
"$634,000",$0
"$154,300","$18,210"
"$142,700","$11,160"
"$162,100","$20,080"
"$160,900","$41,140"
"$316,400","$22,230"
"$138,000","$4,570"
"$642,100","$120,560"
"$222,400","$26,700"
"$553,400","$140,020"
"$131,800","$59,830"
"$279,900","$35,700"
"$150,700","$5,140"
"$151,800","$64,100"
"$368,700","$8,530"
"$140,900","$3,280"
"$852,100","$99,890"
"$403,400","$9,060"
"$167,400","$2,690"
"$162,200","$8,060"
"$245,400","$21,180"
"$444,000","$28,220"
"$401,800",$0
"$153,900","$28,390"
"$329,000","$78,050"
"$173,300","$12,510"
"$164,900","$17,200"
"$160,600","$2,390"
"$119,600","$10,800"
"$372,800","$9,970"
"$557,300",$0
"$483,100",$0
"$515,200","$16,950"
"$385,800",$0
"$346,500","$42,700"
"$506,900","$94,160"
"$339,400","$6,790"
"$162,800","$22,350"
"$221,800","$8,070"
"$272,000","$67,970"
"$274,600","$68,010"
"$350,900","$17,190"
"$169,100","$7,840"
"$384,500","$22,820"
"$167,300","$29,030"
"$301,700","$16,550"
"$510,100","$49,770"
"$397,300",$0
"$164,200","$13,610"
"$450,800","$49,240"
"$314,900","$14,870"
"$140,000","$37,510"
"$187,300","$2,210"
"$395,400","$32,850"
"$119,100","$7,670"
"$434,200","$29,070"
"$201,700","$23,570"
"$406,400","$58,950"
"$375,600","$42,840"
"$212,200","$13,200"
"$368,700","$26,230"
"$194,700","$19,670"
"$634,100","$23,770"
"$340,300","$35,790"
"$103,300","$10,560"
"$200,400","$57,290"
"$150,200","$19,900"
"$213,200","$34,130"
"$286,100","$31,510"
"$581,000","$100,520"
"$161,300","$22,890"
"$280,700","$56,140"
"$452,800","$1,380"
"$466,800","$58,480"
"$388,400","$21,670"
"$98,200","$19,700"
"$417,500",$0
"$501,100","$70,000"
"$218,800","$17,260"
"$367,500","$38,290"
"$82,700","$14,430"
"$616,300",$0
"$788,000","$3,530"
"$540,500","$94,020"
"$497,800","$194,320"
"$387,700","$142,900"
"$144,900","$18,840"
"$232,700","$29,190"
"$365,200","$9,220"
"$203,300","$14,270"
"$662,600","$264,440"
"$173,500","$16,800"
"$158,000","$7,950"
"$733,100","$48,140"
"$288,300","$42,800"
"$150,500","$29,150"
"$191,500","$11,750"
"$150,900","$8,720"
"$193,200","$47,680"
"$464,800","$69,250"
"$232,300","$11,060"
"$432,900","$71,040"
"$698,000","$181,570"
"$170,300","$6,210"
"$370,600","$39,910"
"$598,600","$109,960"
"$148,000","$31,010"
"$527,300",$0
"$138,200","$14,010"
"$151,100","$12,940"
"$362,700","$33,650"
"$155,600","$6,360"
"$125,300","$6,450"
"$221,000","$23,270"
"$160,900","$9,420"
"$182,900","$19,740"
"$575,600",$0
"$141,300","$14,230"
"$513,700","$42,760"
"$604,000","$159,990"
"$314,100","$39,050"
"$445,500","$35,690"
"$451,700","$1,190"
"$210,400","$61,480"
"$560,700","$86,120"
"$353,900","$30,180"
"$572,200","$99,250"
"$331,800","$24,210"
"$157,700","$3,610"
"$385,700","$15,590"
"$437,900","$28,390"
"$174,800","$2,930"
"$411,300","$53,860"
"$137,400","$21,790"
"$377,400","$22,030"
"$170,200",$0
"$573,700","$88,460"
"$358,400","$65,020"
"$165,000","$8,830"
"$105,900","$7,320"
"$465,600",$0
"$601,900","$24,580"
"$609,200","$58,530"
"$771,100",$0
"$438,700",$0
"$217,200","$48,190"
"$180,900","$7,520"
"$114,700","$5,220"
"$445,800","$32,070"
"$251,300","$9,280"
"$631,500","$14,750"
"$187,900","$21,820"
"$507,400","$21,130"
"$637,800","$38,040"
"$164,500","$15,220"
"$640,400","$77,550"
"$393,600","$50,430"
"$170,200",$0
"$487,300","$129,770"
"$510,300","$115,260"
"$154,800","$24,920"
"$459,500","$18,080"
"$558,100",$0
"$521,100","$123,040"
"$194,200","$12,480"
"$347,500",$0
"$96,400","$8,900"
"$308,100","$77,380"
"$169,800","$15,010"
"$666,600","$55,370"
"$218,800","$7,650"
"$297,100",$0
"$123,300","$14,010"
"$136,400","$7,480"
"$146,300","$14,150"
"$382,800","$86,150"
"$437,700","$39,840"
"$637,900","$9,930"
"$741,000","$143,910"
"$352,900","$17,160"
"$608,100","$47,670"
"$360,100","$70,180"
"$137,700","$16,200"
"$538,600","$91,070"
"$183,000","$13,560"
"$548,800",$0
"$472,100","$47,540"
"$176,900","$40,080"
"$99,100","$10,090"
"$243,700","$78,670"
"$505,300","$45,880"
"$243,800","$3,940"
"$111,300","$1,700"
"$462,800",$0
"$131,700","$1,110"
"$165,500","$8,240"
"$236,000",$880
"$408,100","$28,050"
"$432,600","$41,140"
"$503,500","$14,930"
"$193,800","$19,400"
"$234,400","$7,800"
"$101,800","$16,900"
"$186,700","$31,860"
"$187,300","$58,570"
"$413,400","$128,180"
"$107,900",$0
"$553,900","$29,840"
"$126,700","$23,180"
"$179,300","$42,960"
"$431,700",$0
"$194,300","$7,970"
"$184,600","$21,430"
"$1,302,400",$0
"$335,600","$20,840"
"$450,800","$26,320"
"$101,400","$19,620"
"$608,900","$64,560"
"$278,000",$0
"$117,500","$4,110"
"$126,400","$21,700"
"$468,000","$18,140"
"$194,900","$18,630"
"$174,000","$10,720"
"$365,900","$65,290"
"$463,500","$31,910"
"$121,900","$27,510"
"$444,700","$42,440"
"$562,500","$42,010"
"$156,400","$6,380"
"$429,200",$0
"$659,900","$41,820"
"$351,000",$0
"$195,500","$15,700"
"$556,500","$101,010"
"$604,100",$0
"$376,900",$0
"$485,600","$68,060"
"$681,300","$111,690"
"$636,400","$32,460"
"$138,600","$21,350"
"$587,600","$15,980"
"$289,600",$0
"$144,100","$4,220"
"$199,400","$18,880"
"$94,200","$12,440"
"$200,400","$17,520"
"$257,200","$60,370"
"$569,400","$44,400"
"$228,900","$3,520"
"$181,300","$82,620"
"$328,200","$17,500"
"$279,700","$10,920"
"$396,900","$5,830"
"$163,000","$10,060"
"$342,800","$36,570"
"$192,600","$11,270"
"$721,500","$43,550"
"$376,900","$2,730"
"$620,800",$0
"$129,300","$27,160"
"$89,500","$10,640"
"$176,100","$10,470"
"$148,200",$0
"$372,100","$69,250"
"$141,100","$16,480"
"$224,700","$48,340"
"$537,600","$13,510"
"$544,700","$12,190"
"$167,800","$19,340"
"$542,100","$33,550"
"$116,200","$6,860"
"$145,500","$10,070"
"$131,900","$14,650"
"$362,300","$51,200"
"$183,900","$13,810"
"$166,300","$4,540"
"$495,300","$65,660"
"$291,200",$0
"$362,300","$6,790"
"$273,000","$42,270"
"$311,300","$2,170"
"$301,900","$49,440"
"$216,300","$33,810"
"$503,100","$62,150"
"$493,600",$0
"$219,000","$16,560"
"$105,300","$2,850"
"$96,200","$1,500"
"$459,900","$107,180"
"$434,700","$8,330"
"$165,300","$12,220"
"$485,200","$150,730"
"$404,200","$71,410"
"$502,200","$66,600"
"$424,700",$0
"$427,800","$36,620"
"$507,700","$43,970"
"$405,900","$80,100"
"$326,800",$0
"$190,200","$9,730"
"$104,800","$30,680"
"$388,100",$0
"$157,500","$23,300"
"$425,500","$33,940"
"$162,900","$3,360"
"$120,700","$8,680"
"$146,500","$10,170"
"$196,500","$10,710"
"$91,400","$2,420"
"$509,400","$7,670"
"$194,700","$42,250"
"$488,900","$23,960"
"$144,300","$30,610"
"$682,700","$55,340"
"$150,300","$7,850"
"$137,700","$22,700"
"$579,000","$63,240"
"$240,900","$26,720"
"$443,900",$0
"$443,700","$14,640"
"$154,000","$12,570"
"$237,800","$41,780"
"$210,800","$38,210"
"$582,300",$0
"$124,800","$5,240"
"$334,800",$0
"$335,500","$38,570"
"$226,000","$28,520"
"$170,600","$15,650"
"$226,300","$3,660"
"$487,700","$20,550"
"$558,200",$0
"$189,300","$28,650"
"$464,900","$10,410"
"$130,900","$4,830"
"$131,800",$520
"$510,600","$68,540"
"$409,500",$0
"$182,200","$31,050"
"$143,100","$7,170"
"$376,900","$29,340"
"$196,200","$20,560"
"$126,500","$14,890"
"$136,600","$10,200"
"$515,200","$109,860"
"$402,900","$49,490"
"$410,900","$25,630"
"$410,200","$41,870"
"$131,500","$15,550"
"$376,500","$15,200"
"$201,600","$11,250"
"$412,100","$41,410"
"$161,300","$37,300"
"$300,100","$63,060"
"$136,000","$22,640"
"$352,200","$36,730"
"$325,700",$0
"$100,800","$5,050"
"$421,100","$102,970"
"$356,200","$29,320"
"$79,200","$9,090"
"$458,300","$48,710"
"$384,600",$0
"$103,800","$1,390"
"$155,000","$8,640"
"$192,100","$16,110"
"$179,400","$21,950"
"$509,100","$10,360"
"$622,200","$127,700"
"$212,500","$78,300"
"$118,100","$4,550"
"$119,900","$6,420"
"$316,700",$0
"$146,800","$47,950"
"$422,100","$40,110"
"$166,100",$0
"$400,500","$86,300"
"$171,400","$28,090"
"$103,800","$2,650"
"$173,400",$0
"$503,700",$0
"$327,000","$8,350"
"$544,000",$0
"$121,400","$21,340"
"$420,600","$29,060"
"$424,400","$20,550"
"$369,400","$4,210"
"$610,000","$126,320"
"$354,700","$19,260"
"$383,200","$53,540"
"$206,800","$10,630"
"$391,600",$0
"$144,500","$31,500"
"$359,900","$66,980"
"$149,700","$8,020"
"$544,200","$68,830"
"$900,600","$116,010"
"$189,600","$23,690"
"$528,700","$42,810"
"$505,600","$2,690"
"$136,800","$10,520"
"$507,500","$76,350"
"$431,200","$51,590"
"$148,700","$16,370"
"$236,500","$3,700"
"$323,000","$55,940"
"$208,200","$14,220"
"$563,700","$28,810"
"$343,200","$37,850"
"$423,900","$18,660"
"$251,300","$27,620"
"$126,600","$7,910"
"$464,800","$76,540"
"$482,000",$0
"$489,500","$13,100"
"$244,100","$74,670"
"$357,200","$14,520"
"$442,400","$84,450"
"$221,400","$24,060"
"$440,200","$15,090"
"$379,400",$0
"$320,400","$36,380"
"$368,700","$55,200"
"$582,000","$165,880"
"$199,600","$12,280"
"$89,600","$4,200"
"$137,200",$0
"$210,700",$660
"$153,700","$2,720"
"$89,700","$16,490"
"$96,500","$5,310"
"$199,800","$18,160"
"$546,000",$0
"$400,100","$13,310"
"$392,100","$16,520"
"$425,000","$12,420"
"$649,600","$39,350"
"$191,700","$12,700"
"$265,400","$1,450"
"$679,900","$136,990"
"$634,400","$18,270"
"$516,000","$71,670"
"$648,900","$24,210"
"$121,500","$11,200"
"$290,500","$2,120"
"$624,400","$96,520"
"$595,400",$0
"$125,300","$7,100"
"$189,800","$11,720"
"$360,600","$33,070"
"$416,700","$2,810"
"$399,500","$29,700"
"$429,700","$29,090"
"$536,800","$80,350"
"$563,800","$28,440"
"$292,000","$4,170"
"$165,300","$21,830"
"$238,000","$28,440"
"$600,800","$92,540"
"$255,600","$40,210"
"$174,300","$11,090"
"$204,600","$10,500"
"$464,000",$0
"$127,100","$12,050"
"$176,400","$14,360"
"$430,300","$15,850"
"$308,300",$0
"$99,900","$19,680"
"$423,000","$21,890"
"$363,100","$17,170"
"$154,800","$6,210"
"$199,400","$14,260"
"$472,100","$26,680"
"$172,600",$0
"$121,600","$8,320"
"$650,700","$80,450"
"$197,700","$26,810"
"$148,200",$0
"$577,000",$0
"$508,500","$38,250"
"$477,900","$45,060"
"$447,500","$20,270"
"$309,600","$53,000"
"$441,100",$0
"$168,200","$10,940"
"$86,500","$13,330"
"$175,000","$16,340"
"$102,200","$24,460"
"$131,600","$20,810"
"$337,900","$34,240"
"$476,500",$0
"$228,000","$1,040"
"$373,100","$41,950"
"$172,800",$0
"$523,200","$21,550"
"$488,900",$0
"$173,800","$4,080"
"$524,000",$0
"$165,100","$2,420"
"$621,000",$0
"$129,300","$5,440"
"$155,600","$23,910"
"$168,300","$7,070"
"$145,400","$23,090"
"$148,300","$15,410"
"$660,300","$50,050"
"$315,300","$70,460"
"$558,700",$0
"$312,900","$89,550"
"$442,200",$0
"$181,300","$27,950"
"$520,200","$17,420"
"$334,200","$9,590"
"$115,600","$8,290"
"$329,300","$14,570"
"$151,400","$28,550"
"$993,900","$40,290"
"$518,400","$76,860"
"$249,600","$17,180"
"$435,200","$27,640"
"$142,800","$9,400"
"$844,700","$74,780"
"$167,000","$6,190"
"$359,000","$67,980"
"$267,400",$0
"$213,300","$10,560"
"$461,600","$123,670"
"$543,300","$71,600"
"$127,000","$8,740"
"$193,000","$21,260"
"$204,800","$21,400"
"$278,800","$29,380"
"$159,200","$11,110"
"$400,900","$33,660"
"$109,000","$13,620"
"$245,100","$28,030"
"$343,300","$20,470"
"$625,100","$29,030"
"$201,500","$26,340"
"$430,400","$49,180"
"$499,700",$0
"$172,400","$16,100"
"$545,000","$125,390"
"$137,600","$8,420"
"$541,600","$25,500"
"$402,100","$23,800"
"$179,300","$5,460"
"$375,300","$109,320"
"$163,600","$13,890"
"$171,600","$37,900"
"$398,400","$91,840"
"$467,000","$52,580"
"$161,900","$7,380"
"$346,900","$35,330"
"$168,100","$12,820"
"$519,600","$20,390"
"$136,800","$15,430"
"$580,900","$9,280"
"$436,800","$106,730"
"$452,900","$79,140"
"$472,500","$57,570"
"$493,100","$13,080"
"$193,400","$43,160"
"$356,200","$87,160"
"$350,000","$17,890"
"$391,700",$0
"$173,300","$38,620"
"$165,600","$14,500"
"$148,100","$24,770"
"$189,900","$12,340"
"$97,400",$0
"$310,400","$8,170"
"$149,900","$80,550"
"$356,100",$0
"$264,900","$47,180"
"$346,900","$28,620"
"$294,600","$33,330"
"$146,500","$28,640"
"$470,800","$64,690"
"$190,400","$14,590"
"$520,500",$0
"$462,500","$31,050"
"$499,500","$103,690"
"$413,400",$0
"$552,100","$23,650"
"$683,100","$60,740"
"$443,700","$95,580"
"$184,500","$14,070"
"$508,000","$3,960"
"$226,700","$23,110"
"$146,900","$13,900"
"$351,200","$47,370"
"$219,400","$32,960"
"$347,900","$21,610"
"$527,300","$14,230"
"$296,000","$31,300"
"$160,500","$18,150"
"$382,200","$89,150"
"$574,200","$11,830"
"$150,600","$24,370"
"$341,700","$36,940"
"$516,800","$12,170"
"$499,600",$0
"$193,200","$44,590"
"$517,600","$67,850"
"$161,900","$3,490"
"$554,200","$58,760"
"$145,900","$10,300"
"$475,100","$45,490"
"$449,300","$20,770"
"$503,400",$0
"$336,600","$44,120"
"$151,600","$32,850"
"$171,000","$46,300"
"$160,700","$6,510"
"$350,500","$5,610"
"$568,500","$38,510"
"$415,200","$20,010"
"$172,400","$39,670"
"$422,400","$20,700"
"$188,800","$5,390"
"$670,400","$155,820"
"$113,800","$22,460"
"$314,600",$0
"$376,000","$75,470"
"$147,700","$16,240"
"$143,100","$3,140"
"$449,100","$8,000"
"$183,100","$12,460"
"$206,200","$19,190"
"$132,100","$21,510"
"$346,400","$24,520"
"$192,000","$19,050"
"$275,300","$24,680"
"$200,200","$13,910"
"$568,300","$31,580"
"$128,600","$3,660"
"$460,100","$15,260"
"$550,300","$116,590"
"$134,100","$29,590"
"$174,800","$21,280"
"$584,100",$0
"$149,500","$4,030"
"$689,800","$70,420"
"$148,500","$46,320"
"$178,200","$4,900"
"$466,200","$57,270"
"$201,200","$20,540"
"$237,700","$5,920"
"$209,700","$16,760"
"$134,300","$17,760"
"$206,500","$16,320"
"$449,000",$0
"$295,100","$29,750"
"$150,400","$20,450"
"$144,600","$30,010"
"$284,600","$5,070"
"$218,300","$1,160"
"$312,600","$88,140"
"$392,000","$17,730"
"$152,600","$26,630"
"$186,600","$7,370"
"$97,100","$25,120"
"$171,900","$28,340"
"$422,100",$0
"$441,900","$17,120"
"$469,700","$23,360"
"$424,300","$140,340"
"$150,800","$68,340"
"$450,600","$24,950"
"$409,100","$107,490"
"$509,800","$34,250"
"$194,900","$8,590"
"$342,500","$115,490"
"$122,600","$16,030"
"$228,000","$12,930"
"$381,300","$112,510"
"$184,000","$3,300"
"$363,600","$24,810"
"$166,500","$18,570"
"$459,500","$49,560"
"$456,500","$251,310"
"$693,300","$156,880"
"$473,300","$44,470"
"$158,200","$5,280"
"$133,800","$1,930"
"$128,800","$6,510"
"$95,100","$11,370"
"$152,700","$10,030"
"$201,800","$10,870"
"$352,200","$42,800"
"$471,600","$53,860"
"$144,100",$440
"$167,000","$31,650"
"$86,300","$9,840"
"$199,300","$28,830"
"$123,400","$19,800"
"$362,800","$28,020"
"$256,300","$45,240"
"$398,300",$0
"$406,400",$0
"$185,900","$3,890"
"$619,800","$13,710"
"$97,600","$8,460"
"$140,700","$6,120"
"$265,700","$14,430"
"$555,400",$820
"$402,300","$21,310"
"$475,400","$40,330"
"$529,800","$22,180"
"$360,900","$11,960"
"$424,500","$42,520"
"$769,900",$0
"$513,400","$128,540"
"$439,200","$57,440"
"$153,300","$13,390"
"$532,300","$30,720"
"$508,900","$74,790"
"$188,700","$30,880"
"$142,900","$14,320"
"$298,100",$0
"$164,900","$17,690"
"$86,500","$2,620"
"$163,000","$18,890"
"$520,600","$101,880"
"$546,300","$79,760"
"$201,700","$11,070"
"$182,100","$15,920"
"$309,100","$22,850"
"$221,300","$58,920"
"$649,300","$102,250"
"$224,700","$10,330"
"$375,000","$71,700"
"$541,800","$91,090"
"$555,700","$107,850"
"$439,600",$0
"$411,100","$46,660"
"$469,500","$23,350"
"$469,400","$56,860"
"$436,200","$33,190"
"$394,900","$38,440"
"$202,600","$37,060"
"$452,900","$63,400"
"$132,500","$7,470"
"$158,200","$5,560"
"$542,600","$42,340"
"$159,000","$14,500"
"$141,000","$6,590"
"$418,600","$8,990"
"$456,900","$62,230"
"$311,300","$28,120"
"$192,200","$15,700"
"$148,300","$13,620"
"$393,300","$83,730"
"$346,100",$0
"$545,500",$0
"$173,400","$20,810"
"$418,800",$0
"$480,100","$56,440"
"$178,000","$27,920"
"$123,700",$0
"$98,700","$11,070"
"$464,100","$60,020"
"$179,400","$2,150"
"$522,000","$111,380"
"$153,700","$8,070"
"$422,500","$16,610"
"$377,000","$85,010"
"$412,800","$67,770"
"$141,500","$13,910"
"$383,200","$25,990"
"$311,700",$0
"$177,600",$620
"$356,300",$0
"$121,200","$6,670"
"$526,400","$82,670"
"$361,000","$2,520"
"$355,100","$11,120"
"$182,300","$5,240"
"$139,200","$4,570"
"$476,900","$61,280"
"$160,900",$960
"$112,200","$9,990"
"$618,900","$48,850"
"$142,100","$8,080"
"$129,800","$4,310"
"$387,000","$11,180"
"$619,700","$30,180"
"$226,500","$50,130"
"$450,900","$127,410"
"$430,200","$2,600"
"$134,600","$12,980"
"$222,500","$1,200"
"$490,300","$8,270"
"$298,700",$0
"$162,600","$7,670"
"$135,700","$26,000"
"$458,600","$5,320"
"$379,700","$10,490"
"$370,300","$71,410"
"$130,200","$14,760"
"$423,500","$29,800"
"$184,700","$45,710"
"$550,100",$0
"$536,200",$0
"$175,000","$5,400"
"$450,900","$29,730"
"$197,900","$14,870"
"$493,800","$33,520"
"$107,000","$12,390"
"$363,500",$0
"$447,700","$74,330"
"$476,600","$37,030"
"$352,300","$56,020"
"$380,500",$0
"$468,600","$34,500"
"$429,400","$74,390"
"$197,900","$7,210"
"$515,800",$0
"$323,800","$57,090"
"$124,800","$13,010"
"$471,700","$27,400"
"$465,800","$40,210"
"$459,800","$76,120"
"$719,300","$307,900"
"$130,700","$22,690"
"$166,600","$51,390"
"$463,100","$43,500"
"$166,100","$42,240"
"$151,000","$12,980"
"$505,400","$49,570"
"$451,800",$0
"$395,700","$35,500"
"$625,000",$0
"$161,200","$14,190"
"$222,100","$22,120"
"$570,000","$43,410"
"$139,500","$70,020"
"$557,900","$15,280"
"$612,100","$91,960"
"$152,700","$10,610"
"$157,800","$19,120"
"$183,400","$16,550"
"$135,000","$19,600"
"$146,000","$18,470"
"$399,100",$0
"$180,200","$12,770"
"$199,700","$26,060"
"$471,500","$105,980"
"$425,600","$4,520"
"$159,700","$8,270"
"$121,300","$7,070"
"$111,800","$14,520"
"$328,700",$0
"$159,000",$0
"$166,100","$17,170"
"$404,100","$37,220"
"$332,500","$62,070"
"$382,100","$26,290"
"$676,800","$135,770"
"$191,300","$102,540"
"$361,200","$75,380"
"$166,200","$22,860"
"$462,500","$46,710"
"$100,800","$9,910"
"$132,900","$1,700"
"$223,600","$43,790"
"$420,900","$108,660"
"$172,900","$25,460"
"$349,700",$0
"$146,800","$8,300"
"$460,800","$56,140"
"$332,500",$0
"$677,500","$70,900"
"$561,100","$25,090"
"$200,900","$6,870"
"$397,100","$39,550"
"$180,500","$57,690"
"$566,500","$30,800"
"$211,700","$40,800"
"$508,200","$96,230"
"$135,000","$29,410"
"$577,500","$69,280"
"$176,400","$11,330"
"$177,000","$44,380"
"$212,700","$1,960"
"$520,000","$42,600"
"$165,800","$26,670"
"$509,700","$104,870"
"$186,400","$6,780"
"$184,600","$27,560"
"$652,100",$0
"$493,400","$74,650"
"$370,800","$30,510"
"$255,600","$13,780"
"$153,100","$16,460"
"$520,900","$76,550"
"$393,100","$12,480"
"$559,500",$0
"$538,700","$14,190"
"$414,000",$0
"$168,900","$19,060"
"$464,900","$97,800"
"$383,600",$0
"$395,000",$0
"$132,000","$32,640"
"$272,400","$12,980"
"$621,600","$17,110"
"$188,000","$34,990"
"$333,200","$30,610"
"$359,900","$32,370"
"$383,700",$0
"$341,100","$12,380"
"$120,500","$10,810"
"$233,400","$36,450"
"$177,300","$6,950"
"$136,900","$4,560"
"$661,600","$27,050"
"$157,900","$9,520"
"$241,900","$49,240"
"$397,300","$9,030"
"$286,300","$19,230"
"$283,100","$14,710"
"$271,300","$60,150"
"$170,300","$78,560"
"$157,100","$4,950"
"$94,200","$9,160"
"$532,800",$0
"$137,600","$2,580"
"$115,500","$7,110"
"$455,700",$0
"$273,500","$2,230"
"$103,000","$1,870"
"$430,000","$55,730"
"$554,100","$43,570"
"$109,600","$12,620"
"$492,200",$0
"$627,800","$11,950"
"$244,000","$13,900"
"$468,900",$0
"$442,200","$48,610"
"$499,600","$51,840"
"$125,200","$13,720"
"$191,300",$410
"$87,500","$18,010"
"$389,900",$0
"$405,500","$31,180"
"$398,500","$13,940"
"$342,000","$90,690"
"$453,900","$95,790"
"$529,400","$29,200"
"$206,200","$1,320"
"$328,600","$44,710"
"$510,100",$0
"$171,100","$37,100"
"$138,200","$22,690"
"$224,300","$47,680"
"$449,900","$97,050"
"$507,800","$12,400"
"$386,500","$24,320"
"$445,000","$24,710"
"$416,100","$60,960"
"$593,900",$0
"$321,900","$27,530"
"$117,200","$3,950"
"$143,400","$9,330"
"$597,000","$53,860"
"$112,200","$8,430"
"$154,400","$25,660"
"$202,100","$30,210"
"$172,700","$10,690"
"$643,400","$30,740"
"$441,800",$0
"$465,600","$56,430"
"$166,400","$11,350"
"$342,100","$32,190"
"$221,300","$34,170"
"$404,700",$0
"$716,800","$62,830"
"$152,700","$33,190"
"$440,100","$56,740"
"$394,300","$47,910"
"$512,500","$8,540"
"$465,000","$32,940"
"$375,500","$6,670"
"$390,000","$34,570"
"$214,400","$23,240"
"$503,700","$98,720"
"$309,100","$24,920"
"$162,900","$11,700"
"$193,800","$16,560"
"$197,000","$16,560"
"$203,700","$34,300"
"$321,100",$0
"$207,200","$25,870"
"$365,600","$63,280"
"$365,500",$0
"$170,000","$18,650"
"$262,000",$0
"$325,300",$0
"$497,000","$121,970"
"$422,500",$0
"$315,600","$98,750"
"$516,100","$29,380"
"$173,900","$7,940"
"$363,000","$96,530"
"$181,800","$6,420"
"$120,500","$24,790"
"$218,100","$31,390"
"$207,400","$33,990"
"$464,800","$24,940"
"$650,400","$56,640"
"$149,300","$24,770"
"$98,500","$7,780"
"$382,500","$24,230"
"$534,200","$113,400"
"$465,800","$40,090"
"$414,600","$58,030"
"$287,400","$30,630"
"$155,500","$7,660"
"$394,600","$21,000"
"$391,600","$6,650"
"$355,000","$12,830"
"$357,700","$16,760"
"$172,800","$26,880"
"$398,400","$29,800"
"$570,600",$0
"$340,600","$16,550"
"$536,500","$89,170"
"$228,200","$9,070"
"$370,600","$55,480"
"$212,100","$10,340"
"$265,600","$34,350"
"$418,800","$70,220"
"$245,300","$51,400"
"$142,600","$4,280"
"$140,800","$23,600"
"$234,700","$7,570"
"$232,200","$34,580"
"$481,700","$87,030"
"$211,900","$3,790"
"$201,400","$12,940"
"$170,900","$9,170"
"$153,300","$21,300"
"$569,800","$26,510"
"$480,600","$18,030"
"$128,200","$15,510"
"$397,200",$0
"$158,600","$9,140"
"$325,900","$44,910"
"$156,100","$35,700"
"$432,400","$25,780"
"$303,400","$22,800"
"$170,400","$35,810"
"$200,600","$28,900"
"$516,800","$11,960"
"$138,400","$17,590"
"$428,700","$3,430"
"$200,200","$63,610"
"$572,000","$118,140"
"$480,100","$41,060"
"$192,900","$50,640"
"$333,100","$4,560"
"$161,500","$12,010"
"$216,400","$9,810"
"$351,800","$43,090"
"$189,600","$12,040"
"$401,800","$37,410"
"$516,100",$0
"$208,100","$4,320"
"$407,100","$15,190"
"$503,800",$610
"$305,700","$7,750"
"$168,700","$18,580"
"$336,400","$13,740"
"$115,300","$7,000"
"$315,700","$34,140"
"$176,200","$8,160"
"$604,200","$66,840"
"$470,400","$16,140"
"$220,600","$14,290"
"$529,500","$45,790"
"$114,300","$26,240"
"$145,900","$7,010"
"$183,900","$38,570"
"$119,700","$3,970"
"$155,100","$12,240"
"$673,100",$0
"$509,500",$0
"$451,600","$66,400"
"$523,600","$76,830"
"$337,900","$80,950"
"$475,500",$0
"$200,400","$6,360"
"$486,400",$0
"$490,500","$98,230"
"$828,300","$53,380"
"$160,000","$51,850"
"$134,500","$16,490"
"$183,600","$40,340"
"$494,400","$4,470"
"$161,600",$400
"$421,800","$208,310"
"$143,600","$22,360"
"$145,700","$6,070"
"$835,100","$39,710"
"$193,000","$32,710"
"$451,700","$75,640"
"$316,700",$0
"$324,000","$28,360"
"$429,400","$44,030"
"$342,800","$3,020"
"$347,800","$47,600"
"$378,400","$18,870"
"$595,900","$5,790"
"$133,800",$830
"$280,200","$63,060"
"$453,500",$0
"$516,200","$24,600"
"$538,800","$12,630"
"$180,700","$2,120"
"$222,900","$15,060"
"$238,600","$38,860"
"$168,000","$7,170"
"$422,200","$63,160"
"$374,300",$0
"$89,400","$35,060"
"$285,200","$53,170"
"$655,000","$75,210"
"$398,900","$7,470"
"$245,000","$13,590"
"$354,700",$0
"$491,500","$63,560"
"$400,700","$23,190"
"$534,400","$72,960"
"$434,900","$35,710"
"$130,800","$2,750"
"$510,100","$42,960"
"$359,900","$22,230"
"$399,800","$101,770"
"$542,600","$40,690"
"$172,300","$36,240"
"$162,400","$17,580"
"$144,000",$740
"$128,500","$2,500"
"$450,600",$0
"$507,300","$19,790"
"$139,100","$5,580"
"$192,100","$39,280"
"$612,500","$12,010"
"$526,100","$55,010"
"$139,600","$5,100"
"$395,300","$2,720"
"$460,900","$52,840"
"$427,900","$14,830"
"$168,600","$4,670"
"$137,600","$3,150"
"$445,600","$93,530"
"$372,000","$20,460"
"$546,300",$0
"$214,100","$6,880"
"$186,100","$32,750"
"$680,400",$0
"$187,200","$11,160"
"$167,700","$13,690"
"$140,200","$17,630"
"$573,200","$21,140"
"$302,900",$0
"$428,400",$0
"$274,400","$70,860"
"$632,300","$141,110"
"$420,100","$34,560"
"$395,300","$8,380"
"$311,400","$13,710"
"$231,800","$14,090"
"$437,300","$22,860"
"$448,100","$2,660"
"$432,700","$42,920"
"$164,500","$23,310"
"$110,800","$4,210"
"$122,800","$7,050"
"$165,400","$7,290"
"$545,600","$26,470"
"$388,100",$0
"$198,000","$1,800"
"$301,600","$31,310"
"$634,400",$0
"$179,800","$6,170"
"$205,400","$41,170"
"$151,600","$17,160"
"$189,600","$21,400"
"$517,100","$91,790"
"$314,900","$43,800"
"$119,800","$6,130"
"$569,800","$55,010"
"$126,200","$9,780"
"$485,100","$82,880"
"$129,100","$26,800"
"$445,300","$86,870"
"$392,600","$73,570"
"$181,300","$13,280"
"$449,400","$107,310"
"$176,600","$30,110"
"$257,900","$57,270"
"$455,500","$169,220"
"$135,900","$15,420"
"$484,800",$0
"$105,200","$1,600"
"$208,700","$22,760"
"$552,700","$16,390"
"$363,700","$13,570"
"$130,800","$5,800"
"$114,600","$2,750"
"$494,900","$72,370"
"$436,500","$26,170"
"$170,000","$36,520"
"$126,200","$1,550"
"$164,200","$16,680"
"$106,900","$7,490"
"$501,600","$96,500"
"$141,000","$14,490"
"$231,900","$28,210"
"$479,600","$26,390"
"$113,000","$6,780"
"$364,600","$64,920"
"$446,200","$61,240"
"$530,200","$44,870"
"$73,800","$1,480"
"$126,100","$24,650"
"$168,500","$7,160"
"$184,900","$9,070"
"$162,900","$7,590"
"$118,200","$33,030"
"$335,300","$32,080"
"$132,300","$30,160"
"$212,700","$4,520"
"$155,000","$33,340"
"$93,400","$2,370"
"$168,500","$13,390"
"$370,400","$80,320"
"$395,000",$0
"$121,300","$12,800"
"$471,100","$36,440"
"$426,900","$35,040"
"$108,600","$11,760"
"$336,300",$0
"$244,800","$61,860"
"$413,600",$0
"$120,500","$21,340"
"$516,100","$138,430"
"$423,400","$27,210"
"$202,200","$12,850"
"$261,500","$29,810"
"$107,600","$4,760"
"$169,200","$41,240"
"$409,700","$20,290"
"$128,300","$14,250"
"$658,200","$41,390"
"$345,300","$17,000"
"$425,300","$4,670"
"$292,500","$10,550"
"$150,900","$20,350"
"$128,500","$15,100"
"$518,800","$96,250"
"$635,400","$29,450"
"$496,800","$45,310"
"$433,000","$37,820"
"$162,200","$5,620"
"$586,600","$105,260"
"$178,800","$14,760"
"$517,300","$95,090"
"$464,900","$49,060"
"$138,600","$11,530"
"$128,700","$21,040"
"$204,000","$13,050"
"$573,700","$18,080"
"$466,400","$36,300"
"$112,300","$26,090"
"$166,000","$17,860"
"$402,700","$19,930"
"$338,300","$10,090"
"$663,200","$41,320"
"$181,600","$33,220"
"$306,600","$65,380"
"$237,900","$30,910"
"$448,400","$84,770"
"$539,300","$53,770"
"$462,900","$119,800"
"$401,800","$13,540"
"$160,100","$11,740"
"$402,400","$116,240"
"$188,000","$21,750"
"$329,900","$13,230"
"$123,100","$6,690"
"$450,600",$0
"$565,000","$19,100"
"$467,200",$0
"$378,800","$70,830"
"$224,800","$35,820"
"$135,000","$8,270"
"$525,900",$0
"$169,300","$19,100"
"$129,800","$11,280"
"$158,800","$7,500"
"$380,800","$31,180"
"$429,400","$34,200"
"$142,500","$20,700"
"$367,400","$73,700"
"$129,000","$25,230"
"$204,900","$7,320"
"$452,200","$11,120"
"$469,100",$0
"$202,100","$10,190"
"$408,900",$0
"$311,900","$17,900"
"$542,300","$110,900"
"$184,100","$12,660"
"$181,700","$25,820"
"$452,300","$79,230"
"$258,500","$23,200"
"$128,900","$22,540"
"$174,900","$32,570"
"$388,700","$10,950"
"$144,000","$7,720"
"$383,300",$0
"$643,700","$46,760"
"$153,100","$1,110"
"$104,400","$52,320"
"$445,500","$56,920"
"$180,700","$21,650"
"$144,900","$45,780"
"$185,000","$11,050"
"$140,500","$9,540"
"$455,400","$22,330"
"$440,200","$17,190"
"$165,900","$14,050"
"$256,800","$27,730"
"$165,200","$12,610"
"$204,500","$43,620"
"$130,700","$7,470"
"$203,100","$14,660"
"$159,400","$13,410"
"$459,600","$82,930"
"$400,100","$19,080"
"$495,800","$3,640"
"$391,000",$0
"$407,800","$4,980"
"$474,800","$58,810"
"$474,400","$10,620"
"$211,000","$67,020"
"$504,800",$0
"$388,800","$11,140"
"$173,000","$10,390"
"$698,000","$152,330"
"$158,200","$12,260"
"$455,000","$71,390"
"$456,500","$84,110"
"$177,000","$5,300"
"$554,500","$14,880"
"$356,300","$1,240"
"$325,000","$9,300"
"$129,100","$34,360"
"$152,400",$900
"$137,700","$3,590"
"$98,600","$5,250"
"$419,400",$0
"$351,100","$67,200"
"$422,400","$39,960"
"$516,400","$38,330"
"$218,000","$4,500"
"$462,000","$50,470"
"$418,200","$124,330"
"$218,100","$25,860"
"$441,500",$0
"$107,500","$11,510"
"$580,400","$48,010"
"$147,900","$40,120"
"$166,500","$31,300"
"$451,200","$48,480"
"$295,300","$22,610"
"$321,600","$71,130"
"$287,800","$8,090"
"$779,600","$96,300"
"$487,700",$0
"$358,800",$0
"$300,600","$22,580"
"$454,600","$50,200"
"$692,200","$105,160"
"$212,100","$2,550"
"$267,800","$79,060"
"$372,400","$64,720"
"$165,100","$16,690"
"$495,000","$82,650"
"$602,800","$29,680"
"$174,800","$10,430"
"$188,000","$34,610"
"$436,800","$37,730"
"$200,700","$9,820"
"$171,600","$50,120"
"$124,900","$7,310"
"$515,500","$13,140"
"$363,000","$91,250"
"$178,100","$9,330"
"$169,100","$23,920"
"$587,300","$199,840"
"$134,600","$7,590"
"$522,500","$33,690"
"$393,800","$76,300"
"$395,500",$0
"$161,800","$46,150"
"$164,200","$16,690"
"$592,500","$53,370"
"$133,100","$5,570"
"$143,500","$20,730"
"$147,500","$2,710"
"$185,900","$28,890"
"$141,300","$2,850"
"$460,100",$0
"$162,800","$4,080"
"$518,900","$68,050"
"$236,200","$10,940"
"$518,600","$72,400"
"$210,000","$32,810"
"$526,000","$2,520"
"$135,700","$11,980"
"$177,600","$89,800"
"$167,300","$30,920"
"$270,600","$34,010"
"$424,100","$51,880"
"$415,500",$0
"$532,100",$0
"$160,700","$23,390"
"$698,400",$0
"$151,300","$2,360"
"$228,800","$33,580"
"$474,000","$33,680"
"$340,700","$16,530"
"$208,800","$45,230"
"$490,400","$74,550"
"$498,400","$8,210"
"$148,200","$4,920"
"$395,700","$13,080"
"$581,700","$27,070"
"$124,400","$23,920"
"$193,100","$9,710"
"$144,900","$4,080"
"$503,400","$44,530"
"$394,300",$0
"$134,100","$17,270"
"$113,300","$11,640"
"$550,200","$17,030"
"$143,000","$10,190"
"$385,100",$0
"$203,500","$49,580"
"$386,300","$64,310"
"$419,200","$35,170"
"$181,200","$34,070"
"$602,400","$45,310"
"$133,200","$14,710"
"$196,000","$30,640"
"$406,700","$80,940"
"$333,100","$44,600"
"$540,200","$47,650"
"$228,800","$51,870"
"$438,300","$70,170"
"$125,100","$15,520"
"$385,400","$36,710"
"$467,600","$41,050"
"$101,800","$9,680"
"$505,200","$14,920"
"$375,400",$0
"$731,500","$23,120"
"$291,700","$28,900"
"$164,900","$1,250"
"$162,500","$11,640"
"$318,800","$33,620"
"$447,500","$57,980"
"$131,300","$6,680"
"$460,900",$0
"$500,100","$31,280"
"$505,300","$81,170"
"$311,000","$16,810"
"$420,100",$0
"$372,700","$24,190"
"$891,200","$58,450"
"$368,000","$52,420"
"$176,000","$21,060"
"$402,600","$4,820"
"$137,100","$16,360"
"$573,300","$48,160"
"$508,600",$0
"$440,200","$64,470"
"$213,700","$4,590"
"$188,100","$6,160"
"$605,600","$64,240"
"$462,900","$19,230"
"$184,500","$12,490"
"$525,500",$0
"$276,800","$54,110"
"$489,600",$0
"$135,500","$1,310"
"$240,900","$4,930"
"$298,800","$25,270"
"$559,500","$201,670"
"$413,300",$0
"$182,000","$42,660"
"$188,000","$22,930"
"$399,100","$96,530"
"$224,900","$40,050"
"$499,900","$22,750"
"$367,400","$38,530"
"$492,600","$11,900"
"$140,300","$14,030"
"$396,100","$8,100"
"$129,900","$27,690"
"$214,600","$12,240"
"$341,700","$38,230"
"$121,400","$50,920"
"$449,800","$43,850"
"$356,900",$0
"$227,500","$20,210"
"$267,200","$15,020"
"$455,300","$5,660"
"$133,300","$18,970"
"$396,100","$1,160"
"$150,800","$2,990"
"$156,900","$3,560"
"$469,700","$82,590"
"$373,900","$18,380"
"$354,600","$52,120"
"$605,000","$74,590"
"$189,000","$21,810"
"$315,100","$9,610"
"$188,300","$18,950"
"$547,900","$73,780"
"$444,900","$15,520"
"$462,900","$51,930"
"$433,500","$20,750"
"$199,500","$27,850"
"$310,900","$11,690"
"$592,300","$34,230"
"$175,200","$7,290"
"$213,600","$32,130"
"$156,100","$37,360"
"$119,500","$20,360"
"$246,600","$41,140"
"$514,000","$37,900"
"$972,200","$156,250"
"$140,800","$12,920"
"$158,300","$36,010"
"$91,500","$3,750"
"$164,900","$51,980"
"$156,000","$12,040"
"$331,800",$0
"$721,000","$89,050"
"$160,000","$24,490"
"$610,200","$11,080"
"$578,700","$143,390"
"$236,500","$101,980"
"$780,200","$64,750"
"$169,400","$18,970"
"$542,200","$101,540"
"$517,000","$24,120"
"$407,800","$140,170"
"$191,500","$2,610"
"$150,900","$12,390"
"$482,200","$17,590"
"$412,200","$13,500"
"$424,000","$95,960"
"$468,900","$42,670"
"$367,600","$44,810"
"$383,800","$36,400"
"$191,000","$42,060"
"$515,500","$220,010"
"$195,000",$610
"$514,600","$19,220"
"$148,600","$32,250"
"$178,800","$3,670"
"$172,800","$9,740"
"$318,900","$28,030"
"$407,600","$15,100"
"$103,800","$4,990"
"$497,000","$33,070"
"$491,000","$120,550"
"$153,500","$19,290"
"$377,300","$96,990"
"$191,700","$28,630"
"$477,500","$34,760"
"$616,800","$14,600"
"$497,400","$115,100"
"$566,800","$182,380"
"$606,800","$13,060"
"$597,300","$39,180"
"$91,700","$12,450"
"$501,200","$9,980"
"$507,900","$77,050"
"$369,700","$21,100"
"$177,300","$21,550"
"$481,500","$97,900"
"$218,900","$66,370"
"$511,800","$86,180"
"$129,600","$8,400"
"$287,000","$16,560"
"$282,600","$11,550"
"$705,200","$70,750"
"$500,600","$112,550"
"$287,700","$23,660"
"$163,700","$13,540"
"$443,000","$64,850"
"$201,600","$14,810"
"$125,600","$11,610"
"$405,600","$11,400"
"$118,200","$11,850"
"$521,900","$84,280"
"$181,700","$10,000"
"$408,600","$39,350"
"$130,800","$25,080"
"$382,200",$0
"$137,300","$27,600"
"$469,600","$76,910"
"$227,000","$27,650"
"$502,900","$54,140"
"$195,500","$3,030"
"$126,400","$4,160"
"$362,700","$21,910"
"$550,800","$14,560"
"$307,500","$69,030"
"$260,400","$1,700"
"$575,600","$101,280"
"$457,700","$57,820"
"$368,000","$26,770"
"$785,400","$59,320"
"$160,900","$16,100"
"$130,500","$22,310"
"$126,500","$21,760"
"$548,400",$0
"$443,200","$83,000"
"$360,400","$19,140"
"$343,700","$47,530"
"$659,900","$191,120"
"$178,800","$10,950"
"$175,100","$23,620"
"$169,800","$4,650"
"$194,600","$51,490"
"$427,000","$14,770"
"$116,500","$17,360"
"$344,400","$6,750"
"$155,500","$19,760"
"$123,100","$13,970"
"$444,700",$0
"$373,000",$840
"$120,300","$23,790"
"$225,700","$13,500"
"$583,500","$49,030"
"$501,500","$54,520"
"$486,400","$2,140"
"$400,800","$141,390"
"$129,500",$570
"$160,000","$3,530"
"$473,200","$38,680"
"$163,100","$1,310"
"$216,100","$13,080"
"$597,900","$34,690"
"$142,900","$7,790"
"$625,900","$40,590"
"$158,300","$10,620"
"$248,200","$13,250"
"$148,000","$2,930"
"$222,400","$17,470"
"$133,100","$19,900"
"$137,900","$40,210"
"$242,100","$19,470"
"$604,400","$44,980"
"$155,800","$8,860"
"$133,300",$750
"$171,100","$14,210"
"$383,000","$35,630"
"$377,400","$19,670"
"$180,100","$10,080"
"$268,200",$0
"$278,300","$9,640"
"$403,900","$59,110"
"$286,600","$34,790"
"$476,800","$21,570"
"$127,000","$4,590"
"$546,700","$48,070"
"$139,600","$19,920"
"$470,100",$0
"$159,300","$19,170"
"$629,000","$46,080"
"$191,000","$26,430"
"$232,100","$22,390"
"$164,400","$28,270"
"$451,300","$36,340"
"$155,500","$13,680"
"$697,100","$10,730"
"$449,600","$6,950"
"$470,500","$32,340"
"$509,100","$57,460"
"$191,700","$32,630"
"$129,200","$17,030"
"$183,900","$27,500"
"$407,200","$5,200"
"$143,200","$12,180"
"$720,000","$72,600"
"$799,400","$162,090"
"$533,500","$34,500"
"$203,400","$7,120"
"$553,400","$37,650"
"$496,300","$36,960"
"$168,400","$6,040"
"$143,200","$9,560"
"$239,900","$35,810"
"$450,000","$47,450"
"$120,500","$30,180"
"$419,200","$112,870"
"$197,600","$3,400"
"$192,300","$25,920"
"$121,200","$2,480"
"$112,600","$2,420"
"$154,600","$18,900"
"$155,000","$16,880"
"$416,300",$0
"$137,500","$21,290"
"$297,700","$28,880"
"$104,700",$970
"$147,900","$10,360"
"$377,900","$132,120"
"$150,500","$26,940"
"$204,200","$2,200"
"$129,800","$14,350"
"$129,500","$35,260"
"$160,800","$30,030"
"$167,700","$3,690"
"$155,600","$15,120"
"$447,800","$29,040"
"$155,900","$24,690"
"$138,700","$30,410"
"$424,700","$86,930"
"$564,600","$78,640"
"$176,500","$3,500"
"$430,100","$105,870"
"$191,800","$14,540"
"$559,300","$44,920"
"$142,500","$9,380"
"$185,300","$30,350"
"$595,200","$62,620"
"$492,000","$89,330"
"$332,000","$16,650"
"$477,800","$19,700"
"$202,800","$35,160"
"$113,200","$14,400"
"$360,800","$4,090"
"$262,900","$28,190"
"$614,400","$14,770"
"$482,800","$19,790"
"$212,400","$17,930"
"$602,000","$30,410"
"$492,900","$84,900"
"$400,200","$50,780"
"$117,300","$4,690"
"$161,400","$78,310"
"$571,900","$80,160"
"$420,400","$26,850"
"$165,800","$38,080"
"$155,200","$8,880"
"$441,800","$22,920"
"$192,000","$6,130"
"$418,900","$9,110"
"$345,800","$70,830"
"$547,200","$90,540"
"$399,000","$95,740"
"$131,900","$6,830"
"$138,500","$12,020"
"$180,800","$46,710"
"$465,000","$41,040"
"$399,300","$31,350"
"$163,100","$13,200"
"$353,900","$16,020"
"$306,500","$22,590"
"$477,900","$108,810"
"$153,100","$5,870"
"$382,900","$20,310"
"$485,900",$0
"$542,600",$0
"$314,900","$39,370"
"$124,000","$12,920"
"$205,300","$40,460"
"$155,500","$14,430"
"$106,500","$18,550"
"$194,600","$33,620"
"$158,100","$67,520"
"$193,100","$11,060"
"$127,000","$20,490"
"$308,700","$59,190"
"$402,700","$46,170"
"$359,400",$0
"$320,300","$24,060"
"$177,300","$10,180"
"$459,400","$16,210"
"$267,100","$47,160"
"$110,400","$7,030"
"$394,900","$150,350"
"$452,600",$0
"$180,200","$21,980"
"$195,600","$12,690"
"$146,900","$16,060"
"$492,300","$31,200"
"$433,600","$20,850"
"$173,500","$1,080"
"$162,600","$1,900"
"$367,800",$0
"$154,700","$1,820"
"$369,000","$1,400"
"$110,300","$11,880"
"$516,400","$48,730"
"$179,500","$11,990"
"$179,600","$24,780"
"$341,500","$62,940"
"$263,600","$9,770"
"$177,700","$67,390"
"$220,800","$21,230"
"$115,200","$7,890"
"$633,100",$0
"$416,300","$127,310"
"$349,900",$0
"$114,400","$26,540"
"$760,300","$24,280"
"$118,800","$13,690"
"$320,100","$31,580"
"$357,400","$18,000"
"$187,100","$16,050"
"$518,200","$70,840"
"$522,100","$11,710"
"$289,000",$0
"$108,400","$10,600"
"$322,400","$60,570"
"$339,200","$22,870"
"$334,800",$0
"$203,100","$4,570"
"$217,100","$24,320"
"$405,900","$106,550"
"$425,000","$4,180"
"$556,200","$61,350"
"$393,500","$68,500"
"$159,900","$10,580"
"$362,800",$0
"$140,500","$2,400"
"$185,100","$28,130"
"$558,300","$13,330"
"$563,600","$14,090"
"$483,800","$33,400"
"$651,600",$0
"$152,900","$7,790"
"$174,800","$16,550"
"$648,100","$81,570"
"$231,700","$18,710"
"$417,800","$61,730"
"$188,900","$4,250"
"$144,700","$32,380"
"$686,300","$48,700"
"$202,800","$62,770"
"$404,300","$9,750"
"$190,600","$6,700"
"$113,400","$2,510"
"$153,500","$32,330"
"$160,100","$14,720"
"$494,800","$85,100"
"$167,600","$6,710"
"$160,900","$31,470"
"$352,300","$8,390"
"$502,300","$107,490"
"$351,900","$14,000"
"$130,000","$31,850"
"$517,900","$14,420"
"$308,900","$29,100"
"$325,000","$38,730"
"$383,100","$3,440"
"$472,700","$16,560"
"$121,400","$15,240"
"$135,300","$39,200"
"$139,100","$7,600"
"$489,500","$77,960"
"$539,300","$117,570"
"$596,900","$21,090"
"$643,800","$233,130"
"$118,300","$18,250"
"$551,600","$83,470"
"$156,200","$10,180"
"$539,100","$7,060"
"$130,700","$11,180"
"$448,100","$101,460"
"$242,000","$43,270"
"$155,400","$4,930"
"$494,800","$27,040"
"$138,600","$36,390"
"$532,200",$0
"$216,000","$19,640"
"$542,200","$58,740"
"$173,800","$11,330"
"$276,000","$16,120"
"$344,400",$0
"$147,400","$30,050"
"$313,800","$27,810"
"$181,100","$11,780"
"$106,700","$10,420"
"$153,000","$1,670"
"$180,000","$19,900"
"$186,200","$3,270"
"$141,800","$7,370"
"$573,100","$62,390"
"$516,800",$0
"$356,200","$23,170"
"$543,900","$20,260"
"$165,400","$8,020"
"$387,100","$41,230"
"$151,800","$5,510"
"$207,600","$11,970"
"$500,700","$61,160"
"$430,900","$24,060"
"$183,800","$16,860"
"$179,600","$2,260"
"$370,900",$0
"$293,500","$48,690"
"$676,000",$0
"$556,100",$0
"$515,000","$53,270"
"$181,000","$13,940"
"$550,300","$39,410"
"$172,500","$12,880"
"$548,200","$16,960"
"$462,300","$69,870"
"$437,900","$7,790"
"$642,200","$144,000"
"$311,500","$14,150"
"$508,800","$61,470"
"$144,300","$8,240"
"$471,900","$72,030"
"$149,900","$25,890"
"$425,300","$4,150"
"$351,600","$12,970"
"$161,800","$2,660"
"$368,800","$34,710"
"$580,400","$67,330"
"$126,000","$16,720"
"$332,700","$58,080"
"$201,200","$39,850"
"$589,500","$62,690"
"$182,800","$5,510"
"$449,200","$78,740"
"$212,200","$22,650"
"$192,900","$6,490"
"$416,400",$0
"$756,400",$0
"$106,400","$2,640"
"$187,700","$37,470"
"$194,400","$17,470"
"$566,200",$0
"$402,700","$49,270"
"$134,800","$25,660"
"$486,300","$65,560"
"$470,700","$118,490"
"$455,800",$0
"$136,900","$45,900"
"$707,800","$103,930"
"$517,000","$65,000"
"$519,000","$79,210"
"$177,500","$37,570"
"$169,300","$26,080"
"$538,100","$39,170"
"$147,600","$15,540"
"$164,800","$5,490"
"$477,200","$103,280"
"$240,500","$56,910"
"$533,200","$103,530"
"$251,400","$24,910"
"$397,500","$49,500"
"$446,600","$24,870"
"$137,900","$3,630"
"$176,900","$5,020"
"$213,300","$19,370"
"$490,300","$37,840"
"$205,400","$7,480"
"$529,900","$31,310"
"$334,900","$28,800"
"$289,400","$51,400"
"$542,400","$87,200"
"$171,500","$36,700"
"$437,700","$53,910"
"$320,700","$11,620"
"$200,800","$24,480"
"$504,600","$142,270"
"$448,400","$136,070"
"$582,300","$113,780"
"$149,300","$2,150"
"$446,800","$8,450"
"$518,600","$70,300"
"$187,500","$6,970"
"$168,900","$14,480"
"$138,500","$39,490"
"$483,400",$0
"$409,800","$100,990"
"$418,000",$0
"$322,300","$57,610"
"$187,900","$11,940"
"$670,000",$0
"$413,800","$14,850"
"$460,300","$8,120"
"$214,400","$20,620"
"$446,300",$0
"$161,100","$20,670"
"$538,700","$15,100"
"$110,100","$10,100"
"$322,000","$67,050"
"$498,100","$8,220"
"$140,300","$7,980"
"$146,300","$13,620"
"$378,500","$27,920"
"$307,900","$36,750"
"$340,100","$26,650"
"$191,500","$22,170"
"$289,800","$7,980"
"$542,700","$7,120"
"$286,400",$0
"$208,700","$16,640"
"$715,600","$240,320"
"$483,800","$77,860"
"$117,100","$16,490"
"$456,000",$0
"$177,100","$17,160"
"$497,500","$171,350"
"$370,100","$32,000"
"$81,400","$1,360"
"$149,400","$42,920"
"$158,700","$25,670"
"$444,800",$0
"$528,100","$27,870"
"$103,500","$2,270"
"$160,100","$4,580"
"$146,100","$1,740"
"$558,300","$11,290"
"$501,600","$39,780"
"$168,200","$19,780"
"$533,200",$0
"$419,200","$84,110"
"$303,000","$35,610"
"$334,900","$71,090"
"$504,100",$0
"$159,900","$5,630"
"$245,200","$28,210"
"$158,800","$2,150"
"$540,900","$24,710"
"$506,700","$79,770"
"$455,900","$84,620"
"$392,900",$0
"$107,700","$19,580"
"$165,600","$6,810"
"$144,200","$26,290"
"$88,400","$5,410"
"$350,300","$26,520"
"$204,300","$13,950"
"$110,200","$16,090"
"$176,900","$50,390"
"$140,800","$2,210"
"$417,400","$26,510"
"$114,600","$15,280"
"$120,000","$2,180"
"$100,400","$5,980"
"$430,900","$96,180"
"$122,400","$9,680"
"$349,400","$29,480"
"$283,900","$59,920"
"$145,100","$6,290"
"$572,100","$12,620"
"$506,000",$0
"$176,500","$37,130"
"$352,300","$24,110"
"$417,600","$15,850"
"$558,300","$21,550"
"$462,000","$21,170"
"$147,600","$6,250"
"$165,100","$29,250"
"$116,100","$15,330"
"$149,600","$9,740"
"$159,800","$34,170"
"$488,400","$66,820"
"$414,500","$25,240"
"$189,700","$8,730"
"$435,900","$12,810"
"$189,400","$10,970"
"$214,100","$19,920"
"$451,200","$8,480"
"$551,300","$64,960"
"$473,100",$0
"$568,300","$82,250"
"$427,500",$0
"$669,200",$0
"$573,400","$82,790"
"$514,700","$20,140"
"$260,400","$7,000"
"$525,200",$0
"$384,800",$960
"$158,600","$34,850"
"$486,300","$78,520"
"$683,900",$0
"$265,900","$41,100"
"$201,500","$4,470"
"$188,300","$49,910"
"$522,300","$141,150"
"$139,500","$13,180"
"$313,600",$0
"$130,700","$7,930"
"$146,500","$21,510"
"$591,100","$19,900"
"$112,800","$9,170"
"$538,700","$30,160"
"$741,000","$50,600"
"$382,400","$71,270"
"$192,000","$16,260"
"$157,500","$1,570"
"$569,700","$9,350"
"$322,200","$30,140"
"$130,600","$46,080"
"$320,800",$0
"$579,300","$46,360"
"$248,100","$28,260"
"$232,400","$29,020"
"$150,900","$2,160"
"$177,900","$60,600"
"$573,500","$63,770"
"$170,000","$22,050"
"$451,800","$21,960"
"$422,300","$76,230"
"$162,500","$27,310"
"$574,100","$198,680"
"$541,200","$78,540"
"$465,900","$37,780"
"$435,500","$51,940"
"$504,700","$66,570"
"$111,300","$2,720"
"$157,900","$14,480"
"$503,400","$40,340"
"$149,400","$2,330"
"$453,700","$97,060"
"$304,700","$68,560"
"$658,300",$0
"$522,900","$110,910"
"$627,500","$41,350"
"$148,300","$21,670"
"$187,600","$8,720"
"$127,300","$18,770"
"$548,000","$118,400"
"$442,500","$31,770"
"$218,700","$8,880"
"$169,700","$38,180"
"$364,900",$0
"$455,700","$144,260"
"$296,700","$37,810"
"$188,300","$28,050"
"$182,000","$10,580"
"$132,700","$34,210"
"$715,900","$36,250"
"$225,800","$20,070"
"$436,800",$0
"$364,300",$0
"$326,100",$0
"$596,600",$0
"$127,200","$6,430"
"$138,000","$6,150"
"$232,500","$25,060"
"$124,200","$16,600"
"$436,500","$17,910"
"$532,300","$22,270"
"$112,600","$16,660"
"$565,500","$13,810"
"$540,800",$0
"$116,700","$20,120"
"$470,100","$68,810"
"$124,300","$22,720"
"$441,800",$0
"$203,800","$15,940"
"$405,600",$0
"$506,500",$0
"$151,800","$2,500"
"$184,700","$9,550"
"$104,400","$4,200"
"$348,800","$41,750"
"$393,900","$4,740"
"$115,300","$10,230"
"$317,900","$60,350"
"$178,500","$37,280"
"$380,700",$0
"$394,600","$37,410"
"$177,000","$35,820"
"$140,900","$16,480"
"$177,800","$11,850"
"$457,800","$83,110"
"$584,300","$54,150"
"$244,900","$5,500"
"$420,700",$0
"$421,800","$27,240"
"$355,400",$0
"$120,600","$2,400"
"$555,000",$0
"$375,800","$69,220"
"$148,900","$10,860"
"$162,500","$25,320"
"$147,200","$20,620"
"$151,700","$16,630"
"$456,100","$59,490"
"$334,400","$40,500"
"$570,600","$120,120"
"$241,300","$75,900"
"$124,800","$23,270"
"$469,900","$100,520"
"$219,300","$38,120"
"$387,500","$49,340"
"$162,000","$8,380"
"$526,200","$48,150"
"$115,700","$23,430"
"$620,400","$15,570"
"$591,400","$58,820"
"$491,200","$63,830"
"$121,300","$12,910"
"$205,900","$22,990"
"$591,600","$111,700"
"$183,300","$24,720"
"$624,900","$3,190"
"$246,500","$57,760"
"$234,200","$40,650"
"$193,900","$13,410"
"$150,500","$30,500"
"$723,300","$14,220"
"$470,700","$17,440"
"$202,700","$8,340"
"$412,200","$40,840"
"$397,200","$22,700"
"$544,200",$0
"$169,900","$13,560"
"$162,500","$20,840"
"$232,800","$72,970"
"$270,200",$0
"$318,000","$13,780"
"$168,000","$9,080"
"$456,900","$16,140"
"$275,400","$1,590"
"$361,400","$68,300"
"$292,900","$28,950"
"$371,000","$25,450"
"$451,400","$39,330"
"$274,900","$2,060"
"$357,800","$8,400"
"$361,200",$0
"$769,100",$0
"$392,500","$29,950"
"$127,700","$22,530"
"$389,900","$53,710"
"$621,400","$121,110"
"$367,300","$79,660"
"$163,100","$23,680"
"$459,200","$30,390"
"$760,500","$45,440"
"$308,800","$13,520"
"$339,300","$74,800"
"$474,700","$57,940"
"$143,200","$14,790"
"$254,500","$73,540"
"$764,500","$177,920"
"$562,900","$56,210"
"$503,900","$46,640"
"$131,200","$14,040"
"$196,500","$40,640"
"$486,600","$188,920"
"$160,100","$22,960"
"$131,100",$520
"$109,400","$23,640"
"$400,900","$26,670"
"$536,900","$3,010"
"$434,000",$410
"$144,500","$5,650"
"$163,800","$2,400"
"$353,700","$39,880"
"$228,900","$9,220"
"$295,500","$52,570"
"$172,500","$9,310"
"$164,000","$8,660"
"$427,300","$10,090"
"$632,000","$18,060"
"$518,600","$20,050"
"$147,200","$49,070"
"$274,100","$16,210"
"$464,200","$25,930"
"$378,200","$103,660"
"$407,100","$19,090"
"$652,900","$95,050"
"$161,000","$19,280"
"$445,900",$0
"$427,300","$30,090"
"$362,100",$0
"$164,900","$9,430"
"$459,100",$0
"$330,300","$63,580"
"$177,400","$3,570"
"$423,100","$46,500"
"$416,800","$39,480"
"$317,200","$47,910"
"$423,800",$790
"$695,500","$19,830"
"$153,100","$17,160"
"$416,000",$0
"$273,200","$28,510"
"$438,100","$58,220"
"$377,100","$19,690"
"$439,400","$25,490"
"$394,400","$82,330"
"$215,900","$63,560"
"$392,200","$54,800"
"$390,200","$18,010"
"$486,800","$27,020"
"$469,000","$27,120"
"$173,600","$20,270"
"$502,400","$49,570"
"$251,500","$18,480"
"$191,900","$8,650"
"$452,600","$22,210"
"$256,500","$55,340"
"$372,700","$8,290"
"$604,900","$43,940"
"$436,100","$13,940"
"$412,900",$0
"$784,700","$217,290"
"$430,200",$0
"$186,200","$9,220"
"$149,700","$24,020"
"$148,800","$27,950"
"$159,700","$12,170"
"$138,800","$14,470"
"$151,900","$5,700"
"$495,800",$0
"$436,900","$48,130"
"$541,100",$0
"$549,500","$48,750"
"$134,500","$19,610"
"$154,200","$47,200"
"$195,200","$1,880"
"$526,400","$158,220"
"$446,200",$0
"$447,600","$25,040"
"$207,000","$27,730"
"$537,100","$76,220"
"$493,400","$136,960"
"$223,800","$41,380"
"$101,400","$8,820"
"$528,600","$39,020"
"$221,800","$26,390"
"$159,700","$14,140"
"$390,500","$29,140"
"$182,400","$7,270"
"$478,700","$52,900"
"$139,600","$7,420"
"$168,200","$6,970"
"$135,900","$13,310"
"$295,300",$0
"$204,300","$17,590"
"$202,100","$20,960"
"$169,400","$27,410"
"$572,200","$30,270"
"$192,400","$21,930"
"$194,100","$16,310"
"$253,200",$0
"$178,700","$33,800"
"$378,400","$68,050"
"$222,100","$14,510"
"$239,000","$18,680"
"$135,200","$15,270"
"$142,000","$5,390"
"$463,100",$0
"$526,700","$118,950"
"$430,300","$70,320"
"$512,600","$71,540"
"$433,700","$57,480"
"$146,600","$3,740"
"$148,600","$5,380"
"$117,300",$0
"$500,000","$8,900"
"$872,000","$156,870"
"$187,200","$35,700"
"$142,800","$9,520"
"$176,400","$12,930"
"$615,000","$71,530"
"$885,400","$169,990"
"$138,600","$14,870"
"$450,700",$0
"$385,700","$88,760"
"$275,200","$7,710"
"$423,600","$27,960"
"$150,500","$30,450"
"$544,500","$127,140"
"$293,600","$6,470"
"$422,600","$84,880"
"$448,900","$43,900"
"$394,800","$70,280"
"$366,400","$21,080"
"$344,300",$0
"$119,700","$10,030"
"$115,400","$5,990"
"$169,300","$25,150"
"$262,700","$21,830"
"$130,400","$1,190"
"$295,100",$0
"$110,100","$9,690"
"$379,700","$118,530"
"$407,700","$2,750"
"$383,800","$34,200"
"$552,700",$0
"$177,100","$26,200"
"$139,000","$3,510"
"$483,700","$25,350"
"$676,100","$22,910"
"$147,300","$7,040"
"$478,000","$3,280"
"$229,500","$20,480"
"$376,000",$0
"$187,400","$42,050"
"$130,300","$4,080"
"$181,900","$22,130"
"$157,100","$22,170"
"$160,600","$25,850"
"$192,700","$23,180"
"$578,500","$42,210"
"$353,900","$32,880"
"$444,200",$0
"$304,500","$30,470"
"$490,600","$23,970"
"$588,900","$32,990"
"$530,000",$0
"$372,100","$19,130"
"$155,900","$6,340"
"$163,100","$4,130"
"$159,900","$10,390"
"$847,900","$124,960"
"$438,100",$0
"$407,200","$40,960"
"$648,800","$45,100"
"$474,800","$20,400"
"$120,000","$30,280"
"$313,300",$0
"$303,400","$63,800"
"$152,900","$3,540"
"$214,600","$31,430"
"$525,400",$0
"$463,800","$20,600"
"$399,600","$16,100"
"$184,700","$8,190"
"$330,400","$3,930"
"$141,600","$23,280"
"$465,700","$51,170"
"$214,200","$11,880"
"$620,800","$136,350"
"$158,200","$5,970"
"$96,600","$1,880"
"$186,600","$37,480"
"$415,100","$35,580"
"$592,000","$22,390"
"$555,200","$14,460"
"$140,100","$6,840"
"$385,600","$82,100"
"$677,200","$84,060"
"$118,500","$4,120"
"$144,200","$14,190"
"$424,200","$34,230"
"$152,700","$20,700"
"$242,400","$4,930"
"$466,400","$65,540"
"$159,200","$6,850"
"$140,400","$3,380"
"$158,300","$7,240"
"$286,500","$24,150"
"$399,400","$58,530"
"$117,700","$40,520"
"$272,100","$25,540"
"$142,300","$5,390"
"$410,900","$46,460"
"$186,000","$2,930"
"$493,400","$51,540"
"$514,900",$0
"$166,600","$2,710"
"$128,100","$8,990"
"$867,300","$4,890"
"$187,300","$1,400"
"$146,300","$20,540"
"$323,600","$2,380"
"$156,200","$8,650"
"$477,200","$40,600"
"$405,600","$16,690"
"$224,300","$12,300"
"$542,700","$117,610"
"$156,700","$13,920"
"$83,200","$10,730"
"$499,800","$13,550"
"$445,700","$63,970"
"$273,500","$36,390"
"$145,800","$2,170"
"$180,200","$59,870"
"$99,700","$4,710"
"$143,900","$6,050"
"$540,500","$120,380"
"$94,400","$1,560"
"$132,600","$10,450"
"$160,400","$24,790"
"$593,700","$31,220"
"$120,600","$4,550"
"$172,300","$1,190"
"$102,500","$4,130"
"$166,100","$20,540"
"$592,600","$92,710"
"$885,000","$38,160"
"$408,400","$16,600"
"$172,800","$5,350"
"$382,400","$82,110"
"$344,300","$37,040"
"$210,400","$22,620"
"$336,500","$14,750"
"$385,600","$16,710"
"$459,600",$0
"$163,000","$9,000"
"$712,800","$82,410"
"$215,600",$0
"$576,300","$48,670"
"$234,600","$4,560"
"$190,400","$32,810"
"$176,900","$4,930"
"$489,900","$61,410"
"$187,000","$27,150"
"$134,700","$20,040"
"$626,700","$75,300"
"$230,200",$240
"$206,400","$24,640"
"$141,900","$23,460"
"$178,000","$33,530"
"$343,300","$24,170"
"$566,000","$85,170"
"$750,800","$61,640"
"$200,600","$10,770"
"$122,500","$17,460"
"$159,600","$6,310"
"$145,000","$10,650"
"$148,400","$10,460"
"$142,600","$40,330"
"$559,300","$67,930"
"$453,900","$50,870"
"$172,400","$7,440"
"$160,200","$16,940"
"$175,300","$63,070"
"$402,600","$30,280"
"$339,800","$33,600"
"$118,500","$23,320"
"$384,100","$28,880"
"$622,300","$20,610"
"$244,300","$37,740"
"$167,600","$36,980"
"$220,600","$7,920"
"$362,400","$27,370"
"$679,200",$0
"$200,900","$2,220"
"$227,800","$22,510"
"$463,000","$71,420"
"$193,400","$27,430"
"$293,900","$27,510"
"$518,000","$21,410"
"$201,500","$17,760"
"$235,100","$29,520"
"$156,800","$10,060"
"$159,500","$5,490"
"$524,900","$94,140"
"$207,000","$9,360"
"$636,100","$23,450"
"$124,400","$6,640"
"$544,900","$52,410"
"$274,000","$71,710"
"$96,600","$17,360"
"$158,000","$42,600"
"$234,100","$32,310"
"$468,000","$26,560"
"$189,300","$17,250"
"$359,800","$34,700"
"$374,600","$2,890"
"$157,800","$18,360"
"$395,900","$34,280"
"$135,600","$43,700"
"$220,200","$4,940"
"$158,500","$32,320"
"$618,400","$4,910"
"$218,300","$24,000"
"$452,900",$0
"$470,600",$0
"$160,400","$5,880"
"$512,300","$1,490"
"$145,400","$11,830"
"$183,100","$1,130"
"$292,200","$42,780"
"$595,400","$127,540"
"$467,100","$29,420"
"$161,400","$12,830"
"$162,800","$2,500"
"$120,300","$25,800"
"$440,000","$109,300"
"$184,500","$10,610"
"$375,600",$0
"$110,900","$6,070"
"$458,600","$61,340"
"$539,700","$141,880"
"$161,400","$11,720"
"$362,200","$18,110"
"$319,500","$4,340"
"$414,200","$17,860"
"$325,000",$0
"$265,100","$51,940"
"$171,600","$6,340"
"$459,800",$0
"$170,000","$23,050"
"$215,300","$17,200"
"$471,700","$24,930"
"$146,500","$36,170"
"$380,900","$25,750"
"$479,000","$6,740"
"$575,700","$67,340"
"$191,300","$23,600"
"$379,800","$3,170"
"$147,700","$8,110"
"$468,700","$9,290"
"$162,900","$29,490"
"$150,700",$890
"$664,000","$17,260"
"$591,300","$50,380"
"$365,400","$10,120"
"$397,900","$107,740"
"$270,700","$14,950"
"$223,600","$17,110"
"$420,000","$101,750"
"$397,200","$57,000"
"$121,000","$8,870"
"$268,800","$54,060"
"$504,800","$156,470"
"$412,900","$56,470"
"$493,400",$0
"$142,100","$7,740"
"$178,200","$25,320"
"$420,400","$64,210"
"$122,300","$6,640"
"$118,900","$8,310"
"$730,100","$69,130"
"$326,100","$109,680"
"$402,000","$57,420"
"$654,200","$56,810"
"$176,800","$9,060"
"$535,000","$18,280"
"$553,800","$45,810"
"$327,900","$21,960"
"$168,600","$15,690"
"$723,000",$0
"$332,300","$6,080"
"$342,900","$10,960"
"$339,700","$29,660"
"$669,800","$18,170"
"$201,700","$9,790"
"$158,600","$40,560"
"$189,600",$970
"$227,300","$35,510"
"$186,800","$4,960"
"$606,900","$5,500"
"$154,700","$10,940"
"$180,800","$20,800"
"$388,600","$16,040"
"$198,300","$24,160"
"$585,400","$48,030"
"$227,400","$67,800"
"$200,300","$8,700"
"$403,100","$120,680"
"$198,200","$12,760"
"$193,100","$9,910"
"$465,400","$37,390"
"$482,700","$19,060"
"$340,300","$16,130"
"$551,100","$19,270"
"$199,700","$34,970"
"$510,900",$0
"$992,600","$139,630"
"$398,500","$25,570"
"$131,900","$2,650"
"$390,800","$72,660"
"$472,700","$90,600"
"$558,400","$32,370"
"$200,700","$63,800"
"$123,500","$15,970"
"$150,400","$16,780"
"$160,700","$20,870"
"$410,200","$72,210"
"$516,200","$42,020"
"$462,400","$14,100"
"$378,900","$11,770"
"$139,500","$8,150"
"$415,600","$112,040"
"$191,400","$18,110"
"$308,900","$24,110"
"$154,300","$32,410"
"$130,800","$19,940"
"$145,600","$13,630"
"$138,800","$2,630"
"$399,700","$66,640"
"$107,400","$2,690"
"$79,600","$24,960"
"$529,700",$0
"$428,200","$55,170"
"$224,100","$18,530"
"$474,300","$48,110"
"$752,400","$92,960"
"$401,100",$0
"$606,100","$138,670"
"$371,900","$19,260"
"$207,100","$1,020"
"$323,800","$46,760"
"$730,600","$3,350"
"$117,300","$3,750"
"$463,100","$69,380"
"$161,500","$12,970"
"$387,200","$8,660"
"$446,500","$41,220"
"$553,100","$44,980"
"$334,800","$33,660"
"$485,400","$48,740"
"$213,400","$3,890"
"$515,800",$0
"$240,700","$20,630"
"$397,700","$54,450"
"$395,800","$49,770"
"$373,800","$67,290"
"$293,500",$0
"$333,200","$26,080"
"$144,400","$2,500"
"$130,900","$16,210"
"$279,300","$83,000"
"$520,000","$190,850"
"$134,600","$2,460"
"$131,000","$17,360"
"$188,700","$14,290"
